list_handle	channel_id	current_handle	list
@Acorn_Studios_official	UCvMabwJRJ6i-ZUcq2Q64t4Q	@psychomanis_official	blocklist
@Aihıt2026	UCI_BVpl3MDXuIvhZN1kAuVw	@aihit2026	blocklist
@AnálisisGlobal77	UC0WygbtabQXpOzFZ4YUqSbg	@analisisglobal77	blocklist
@Arabesk_durağı	UCFUu3plfCLijFhYau7d8u6w	@arabesk_duragi	blocklist
@BiharDongSogoy	UCaQKjdifGo1QPquO_WIcQPA	@biharaicreator-t9m	blocklist
@BlackCatStuÐiø	UCBJKiBeKzY3vr5vp9cBm9_w	@blackcatstuðio	blocklist
@BàoNgưReview	UC5ccQlTZldaa2jwQalvRevg	@เปาฮอรววหนง	blocklist
@CaminarBíblico-s1b	UChlXhGFqxnXMRwUI6p6-0mg	@caminarbiblico-s1b	blocklist
@Całościowezdrowiemężczyzn	UCjjvQDrm6GN1Yonw_J6KpRQ	@calosciowezdrowiemezczyzn	blocklist
@ChebAI-19	UCVapu0rOWryJTxef3vtCtcw	@amargvibes	blocklist
@Hayatworld-n8g	UCM79XWNO1BdsSQ2fY4K74xg	@hayatworldasmr	blocklist
@IAcunning	UCs5IsqmF0JvxhTiu32xQZbg	@iastutoai	blocklist
@TheSilentTruth-i7i	UCbDhRq6SaHYxUkkFhyJEA_A	@bants404	blocklist
@Unbelievable.thought	UCqwjPcxX60fyWSKVW3On0og	@buzztatler	blocklist
@abaddonia	UCRutlWo11BR81RqyAxTJrWQ	@novapuppyprincess	blocklist
@aerisofficiel1	UC_eQ8BMXOp9Cu7MHrysD4dA	@cuttlefishrecaps	blocklist
@againsttheoddsarchive	UC5kBEnn3qsElQOJif5RfBEA	@alinewithin	blocklist
@ai_cartoon_animation-sj	UCzqnz5aQWl9NjdC2xAxVqgw	@free_fire_pb07	blocklist
@aicartoonshorts-x5m	UC8mWKALnUW0on-4zd7OV3mg	@toonduniya100m	blocklist
@amahsbags	UCsfm5PzBb3WnrCsh22I0ziw	@amahschannel	blocklist
@aqsstories	UCnJ1JdkKW3eQT3LlDIHnVDA	@dunedecoded	blocklist
@baongureview	UC5ccQlTZldaa2jwQalvRevg	@เปาฮอรววหนง	blocklist
@brainsparkai-f3x8h	UCdHacHfHmTCTx5ydzT5wGDQ	@royalcatfamily123	blocklist
@caféconestoicismo	UCk1VJonbHMplNNX3jftLmCQ	@cafeconestoicismo	blocklist
@chanelvision26	UC7_Z-0sxMhLWQSV8DTVKuag	@profetadormecido	blocklist
@crystalcutasmr-2	UCrzuvUjOk9-FQw6P_pfjNOA	@puremuslinhouse	blocklist
@dogeshbhai99	UCUy05-z4MByct_ylr7piVOw	@littleadventurekid3.0	blocklist
@meowhaha2	UCsygY9SMi3dR1F2r-ZoLR4w	@fantasyheart	blocklist
@mindclips.official	UCTP4m3x6_Mo9Ck4T8fyrsvw	@hasanzng21	blocklist
@moreagiert	UCj9zpsRYZPsAl5ZT8Mnwy9A	@dierentnerdeutschland	blocklist
@silentpalaces1	UCxlUBU1Qs13Xg6krUfZLAQA	@martaplaywheels	blocklist
@storyaikids-s9x	UCFc0CH41qoXcu0Vsr2Wjpvw	@littlefoodstudio2026	blocklist
@the-british-past	UCdk-mkC4ghTExaD5lbEfe_g	@90s-bollywood-k3h	blocklist
