handle,channel_id
@1-cj4mk,UCWIfh7EpiAsEdZuqiDn6GiQ
@60SecHistoryOfficial,UCO9fJcmUP6CIoaTuVIVlgPw
@60SecTake,UCjpOb8--OmixNtiXynvSBNQ
@7-ElevenZ,UC5CMNWLupGXtuVGD00qEWPg
@7MoneyMilestones,UCqumFyQchzWEvndasNmWoKw
@7figurebossacademy,UCGfP054fq-V29qWPVbXOnhw
@9.6.3.STUDIO,UCE_tc9qN5eJHPziLbza3crg
@9to5Linux,UCc3L72F_yWWr1V1ft_CDpAA
@A.L-Drama-A.L,UCuHEV_tGP1qinzHQZcbDquw
@AI-GPTWorkshop,UC2b2wgxm0vFjQfJJ0iRcFRw
@AIGrabbing,UCALvx82gsCmhPMPVhktEokw
@ANNAURA.ৎ,UCjHCvP6f8qDOEOFujLGNmaQ
@APEXGT-v4b,UCbbwUjTtdX602GFUjCe4C1g
@AbyxCosmosPolski,UCXICn5itmGggM-oDqVgsBLw
@Acrosstheglobechannel,UC7nxrwA8qPfe7udQPhxvYkw
@Afaes11,UCCL5nRErMeP_UMwwzs0IGEQ
@AfricanTalesStoriesAndFables,UCO9g5Ey1SEO3PnqDEFIOsIQ
@AlejandroBro4,UCc9QQTmap8HZvgrSU7M9Y0Q
@AlphaOmegaGeotech,UCAad5EPlB7ETDhSdoJ0rNAA
@Alpha_Sisters,UCL7BluAyLDscPLKbbMURPfg
@AmItheJerk,UCZKLuU6t7CaB_RD-bD4qdWw
@AmbientNightscapes,UCcKeTbUZa34td1DfziJid8g
@AmeliaPathway,UCpiuZXH1owPBLSj2ZAipUpg
@And05X,UCf85binLu3Be6uRX1GkIaDg
@Anuragsaysyt,UChnDaMFG4BZzDf5vzgCweLA
@AppsIsland,UCV8F4owBMZ1AWlBaaFGy8Cg
@AquaBluFM,UCvBOVj1GSIPVi5iTNZPsUeg
@AramaicChanting,UCuADD56DZuFdihw8dGcOdhw
@_HNWR,UC1qwIUkiTytsFoOsnC5zyqg
@aakararam1212,UCN7E2HSLEudiIguYt9NYq0Q
@abr7edits,UCNXIouk3mE08uP-1hPc1u-g
@agtfailsss,UCmpjEpYbJoFi0xSmCZKFHmA
@aip.almetallic,UCm_XMGq5_InteI4C_95TOhw
@amithegenius,UCzqzYJLTLRWzNZRmBsBMK4A
@animal.experiences,UCGj4ATZ-qJMQ7fiBwv_NggQ
@animeduniya-H1,UCPonmWpUVR1Rivmz592hcUQ
